{
  "$schema": "https://developer.microsoft.com/json-schemas/core-build/serve.schema.json",
  "port": 4321,
  "https": true,
  "serveConfigurations": {
    "default": {
      "pageUrl": "https://contoso.sharepoint.com/sites/mySite/SitePages/myPage.aspx",
      "fieldCustomizers": {
        "InternalFieldName": {
          "id": "46073a60-1baf-4d7b-8565-76249707db44",
          "properties": {
            "sampleText": "Value"
          }
        }
      }
    },
    "fieldCustomizer": {
      "pageUrl": "https://contoso.sharepoint.com/sites/mySite/SitePages/myPage.aspx",
      "fieldCustomizers": {
        "InternalFieldName": {
          "id": "46073a60-1baf-4d7b-8565-76249707db44",
          "properties": {
            "sampleText": "Value"
          }
        }
      }
    }
  }
}
