{
  "$schema": "https://developer.microsoft.com/json-schemas/spfx-build/package-solution.schema.json",
  "solution": {
    "name": "calendar-client-side-solution",
    "id": "caf331bb-d80f-483e-a89b-3fbc54268bf2",
    "version": "1.0.0.0",
    "includeClientSideAssets": true,
    "isDomainIsolated": false,
    "webApiPermissionRequests": [
      {
        "resource": "Microsoft Graph",
        "scope": "Calendars.Read"
      }
    ]
  },
  "paths": {
    "zippedPackage": "solution/calendar.sppkg"
  }
}
